instrument_id,slope,intercept,r2
GC_02,9576.082433484811,416.1264011096664,0.9843998845685548
HPLC_01,9652.854567725935,362.59691889034366,0.9564094144704427
