instrument_id,mean_peak_area,std_peak_area,ucl,lcl,total_runs,out_of_control_runs,out_of_control
GC_02,9842.267543859649,215.5335627024467,10488.86823196699,9195.666855752308,228,0,False
HPLC_01,10378.41628959276,239.96203962442843,11098.302408466046,9658.530170719474,221,0,False
